gIn_1,gIn_2,gIn_3,gIn_4,gIn_5,gIn_6,gIn_7,gIn_8,gIn_9,gIn_10,gIn_11,gIn_12,gIn_13,gIn_14,gIn_15,gIn_16,gIn_17,gIn_18,gIn_19,gIn_20,iIn_1,iIn_2,iIn_3,iIn_4,iIn_5,iIn_6,iIn_7,iIn_8,iIn_9,iIn_10,iIn_11,iIn_12,iIn_13,iIn_14,iIn_15,iIn_16,iIn_17,iIn_18,iIn_19,iIn_20,gOut_1,gOut_2,gOut_3,gOut_4,gOut_5,gOut_6,gOut_7,gOut_8,gOut_9,gOut_10,gOut_11,gOut_12,gOut_13,gOut_14,gOut_15,gOut_16,gOut_17,gOut_18,gOut_19,gOut_20,iOut_1,iOut_2,iOut_3,iOut_4,iOut_5,iOut_6,iOut_7,iOut_8,iOut_9,iOut_10,iOut_11,iOut_12,iOut_13,iOut_14,iOut_15,iOut_16,iOut_17,iOut_18,iOut_19,iOut_20
2911.24582263614,2703.69668562205,4349.70516179004,1323.89513237815,1590.3703774053,596.072705270956,4699.1473517246,3227.75937486262,2397.31612474444,3196.58480520054,2723.58055263381,3236.55740146564,2719.4296699982,3605.23310289906,2612.47652888551,4968.52312060426,1093.38316199817,528.991366251141,548.487322615971,317.956854875529,202.289997928813,224.186456033248,182.908088419086,381.752320424407,313.948189807084,385.990192777123,466.42678513941,486.370427001507,96.0141747138875,69.4371014145777,348.133168541497,46.9100133874328,262.702201929668,265.172109196432,430.569905696666,242.426666776051,196.728180607633,335.715569837013,370.628971727103,260.026233695193,1.4555521516055,1.43438079480966,1.54587980770845,1.26969008404864,1.28391272222416,1.20604892907627,1.44415549544019,1.37609822181905,1.4294597744683,1.49013671678095,1.3705097582887,1.4679976264853,1.38956903068215,1.4548073464244,1.36547248559936,1.54848900721198,1.33244759374819,1.19739609627564,1.20463357929853,1.21686879576545,0.20321286109225,0.191468069142874,0.226560777080813,0.204488239438645,0.18490855162364,0.191905961018231,0.235860467194105,0.236780397355773,0.188821100184874,0.179717991620764,0.198438153485071,0.185883780998159,0.210603166434273,0.223483376278586,0.224443187064729,0.21115454294435,0.171192306417908,0.178396332209468,0.167775554206011,0.163984727197124
