gIn_1,gIn_2,gIn_3,gIn_4,gIn_5,gIn_6,gIn_7,gIn_8,gIn_9,gIn_10,gIn_11,gIn_12,gIn_13,gIn_14,gIn_15,gIn_16,gIn_17,gIn_18,gIn_19,gIn_20,iIn_1,iIn_2,iIn_3,iIn_4,iIn_5,iIn_6,iIn_7,iIn_8,iIn_9,iIn_10,iIn_11,iIn_12,iIn_13,iIn_14,iIn_15,iIn_16,iIn_17,iIn_18,iIn_19,iIn_20,gOut_1,gOut_2,gOut_3,gOut_4,gOut_5,gOut_6,gOut_7,gOut_8,gOut_9,gOut_10,gOut_11,gOut_12,gOut_13,gOut_14,gOut_15,gOut_16,gOut_17,gOut_18,gOut_19,gOut_20,iOut_1,iOut_2,iOut_3,iOut_4,iOut_5,iOut_6,iOut_7,iOut_8,iOut_9,iOut_10,iOut_11,iOut_12,iOut_13,iOut_14,iOut_15,iOut_16,iOut_17,iOut_18,iOut_19,iOut_20
188.694331197761,4425.84004101238,4566.43413819619,3980.91936792606,493.561393277872,1309.35591935358,1676.78419981398,3398.63975688669,682.765686776848,3606.1374929087,533.809308036207,3268.7867433428,2470.86968319635,3895.25861615638,3575.18539200347,4518.60280278158,4454.61252165395,1670.81526368748,3493.72916167397,989.049133429646,15.2704731523183,372.037130183731,250.0112177951,239.96107057303,452.361119033681,304.933324211279,308.833194794227,429.721152823106,402.744712264843,288.360757807343,91.461234707457,119.966005284359,443.255966538051,14.337076232053,244.950694256112,83.9635728411284,489.340324820579,356.347235839457,250.235812077422,235.54418727097,0.810009213101169,0.77162954779595,0.805426401461202,0.856334676625822,0.619794576857281,0.747970219544866,0.681362173696448,0.745318836063753,0.661072515589968,0.771399489789861,0.776358290934953,0.846965536430112,0.699470807095745,0.875660342295607,0.810422671867013,0.91288204279633,0.741098666057352,0.686896313853502,0.791964490890672,0.749115149101538,0.0559731779144746,0.0905726764333194,0.104181137478632,0.107143624072566,0.0884601161487936,0.0808880700556184,0.085833126539736,0.0827256048383029,0.0888198458236922,0.0963393629504121,0.0585496457086002,0.0778084688219175,0.0837918920803815,0.0923986541676808,0.0707143618155425,0.0856009290266444,0.102302887807692,0.0864393001074978,0.075048362053162,0.0766039571217807
