gIn_1,gIn_2,gIn_3,gIn_4,gIn_5,gIn_6,gIn_7,gIn_8,gIn_9,gIn_10,gIn_11,gIn_12,gIn_13,gIn_14,gIn_15,gIn_16,gIn_17,gIn_18,gIn_19,gIn_20,iIn_1,iIn_2,iIn_3,iIn_4,iIn_5,iIn_6,iIn_7,iIn_8,iIn_9,iIn_10,iIn_11,iIn_12,iIn_13,iIn_14,iIn_15,iIn_16,iIn_17,iIn_18,iIn_19,iIn_20,gOut_1,gOut_2,gOut_3,gOut_4,gOut_5,gOut_6,gOut_7,gOut_8,gOut_9,gOut_10,gOut_11,gOut_12,gOut_13,gOut_14,gOut_15,gOut_16,gOut_17,gOut_18,gOut_19,gOut_20,iOut_1,iOut_2,iOut_3,iOut_4,iOut_5,iOut_6,iOut_7,iOut_8,iOut_9,iOut_10,iOut_11,iOut_12,iOut_13,iOut_14,iOut_15,iOut_16,iOut_17,iOut_18,iOut_19,iOut_20
4758.15232388863,4601.66019918282,263.384988403963,3689.29047758498,1345.59713199278,2114.17807504404,2739.35450607422,4713.68492138467,2088.72052158331,4915.26233234928,1507.27474356033,3505.49377950463,3331.69425792213,2695.63232521428,3490.52760090154,3332.63956701293,890.662272001689,640.071998600863,4995.4019738068,855.60533178216,16.300410265264,280.59989635483,440.933250225905,334.587652267197,95.2166335899771,184.458273031947,230.362968630206,490.818975485375,78.2024761132817,427.761402922956,322.382268435044,188.136105139416,95.4618476181515,214.126496489693,241.011030515928,60.3058066485812,294.75374234753,113.093839876338,192.309562184705,291.493191373837,1.57274797290732,1.15838000879649,0.758125563063639,1.04499421569698,1.23444055994873,1.11037658746391,1.15847131585349,0.968213852334664,1.32429184507753,1.03396264914552,0.956686925233731,1.22647875373475,1.35143170500624,1.12429147771452,1.16437644168564,1.41983940203079,0.916074410625017,1.1791882823615,1.32033189569453,0.93124008596541,0.0490513813768584,0.0682207385110776,0.0602925296027902,0.0760839592290982,0.0556476727912742,0.0376682086375683,0.0649073266912755,0.0798462711202275,0.0295798359220774,0.0825907849274458,0.0412768379792928,0.0525823774634737,0.0425262350278332,0.0577545210767936,0.0488648716442493,0.0346752186182312,0.0509867971711005,0.0267503462768153,0.0503670909971973,0.0515831251775823
